Pincode,Taluk
636001,SALEM
636002,SALEM
636003,SALEM
636004,SALEM
636005,SALEM
636006,SALEM
636007,SALEM
636008,SALEM
636009,SALEM
636010,SALEM
636011,SALEM
636012,OMALUR
636013,SALEM
636014,SALEM
636015,SALEM
636016,SALEM
636017,Not available
636018,Not available
636019,Not available
636020,Not available
636021,Not available
636022,Not available
636023,Not available
636024,Not available
636025,Not available
636026,Not available
636027,Not available
636028,Not available
636029,Not available
636030,SALEM
636031,Not available
636032,Not available
636033,Not available
636034,Not available
636035,Not available
636036,Not available
636037,Not available
636038,Not available
636039,Not available
636040,Not available
636041,Not available
636042,Not available
636043,Not available
636044,Not available
636045,Not available
636046,Not available
636047,Not available
636048,Not available
636049,Not available
636050,Not available
636051,Not available
636052,Not available
636053,Not available
636054,Not available
636055,Not available
636056,Not available
636057,Not available
636058,Not available
636059,Not available
636060,Not available
636061,Not available
636062,Not available
636063,Not available
636064,Not available
636065,Not available
636066,Not available
636067,Not available
636068,Not available
636069,Not available
636070,Not available
636071,Not available
636072,Not available
636073,Not available
636074,Not available
636075,Not available
636076,Not available
636077,Not available
636078,Not available
636079,Not available
636080,Not available
636081,Not available
636082,Not available
636083,Not available
636084,Not available
636085,Not available
636086,Not available
636087,Not available
636088,Not available
636089,Not available
636090,Not available
636091,Not available
636092,Not available
636093,Not available
636094,Not available
636095,Not available
636096,Not available
636097,Not available
636098,Not available
636099,Not available
636100,Not available
636101,ATUR
636102,ATUR
636103,SALEM
636104,SALEM
636105,GANGAVALLI
636106,SALEM
636107,ATUR
636108,ATUR
636109,ATUR
636110,GANGAVALLI
636111,VALAPADY
636112,ATUR
636113,GANGAVALLI
636114,ATTUR
636115,VALAPADY
636116,ATUR
636117,ATTUR
636118,RASIPURAM
636119,ATUR
636120,Not available
636121,ATUR
636122,SALEM
636123,Not available
636124,Not available
636125,Not available
636126,Not available
636127,Not available
636128,Not available
636129,Not available
636130,Not available
636131,Not available
636132,Not available
636133,Not available
636134,Not available
636135,Not available
636136,Not available
636137,Not available
636138,SALEM
636139,SALEM
636140,SALEM
636141,ATUR
636142,ATTUR
636143,Not available
636144,Not available
636145,Not available
636146,Not available
636147,Not available
636148,Not available
636149,Not available
636150,Not available
636151,Not available
636152,Not available
636153,Not available
636154,Not available
636155,Not available
636156,Not available
636157,Not available
636158,Not available
636159,Not available
636160,Not available
636161,Not available
636162,Not available
636163,Not available
636164,Not available
636165,Not available
636166,Not available
636167,Not available
636168,Not available
636169,Not available
636170,Not available
636171,Not available
636172,Not available
636173,Not available
636174,Not available
636175,Not available
636176,Not available
636177,Not available
636178,Not available
636179,Not available
636180,Not available
636181,Not available
636182,Not available
636183,Not available
636184,Not available
636185,Not available
636186,Not available
636187,Not available
636188,Not available
636189,Not available
636190,Not available
636191,Not available
636192,Not available
636193,Not available
636194,Not available
636195,Not available
636196,Not available
636197,Not available
636198,Not available
636199,Not available
636200,Not available
636201,SALEM
636202,RASIPURAM
636203,SALEM
636204,SALEM
636205,Not available
636206,Not available
636207,Not available
636208,Not available
636209,Not available
636210,Not available
636211,Not available
636212,Not available
636213,Not available
636214,Not available
636215,Not available
636216,Not available
636217,Not available
636218,Not available
636219,Not available
636220,Not available
636221,Not available
636222,Not available
636223,Not available
636224,Not available
636225,Not available
636226,Not available
636227,Not available
636228,Not available
636229,Not available
636230,Not available
636231,Not available
636232,Not available
636233,Not available
636234,Not available
636235,Not available
636236,Not available
636237,Not available
636238,Not available
636239,Not available
636240,Not available
636241,Not available
636242,Not available
636243,Not available
636244,Not available
636245,Not available
636246,Not available
636247,Not available
636248,Not available
636249,Not available
636250,Not available
636251,Not available
636252,Not available
636253,Not available
636254,Not available
636255,Not available
636256,Not available
636257,Not available
636258,Not available
636259,Not available
636260,Not available
636261,Not available
636262,Not available
636263,Not available
636264,Not available
636265,Not available
636266,Not available
636267,Not available
636268,Not available
636269,Not available
636270,Not available
636271,Not available
636272,Not available
636273,Not available
636274,Not available
636275,Not available
636276,Not available
636277,Not available
636278,Not available
636279,Not available
636280,Not available
636281,Not available
636282,Not available
636283,Not available
636284,Not available
636285,Not available
636286,Not available
636287,Not available
636288,Not available
636289,Not available
636290,Not available
636291,Not available
636292,Not available
636293,Not available
636294,Not available
636295,Not available
636296,Not available
636297,Not available
636298,Not available
636299,Not available
636300,Not available
636301,RASIPURAM
636302,SALEM
636303,METTUR
636304,SALEM
636305,OMALUR
636306,EDAPPADI
636307,SALEM
636308,SALEM
636309,OMALUR
636310,Not available
636311,Not available
636312,Not available
636313,Not available
636314,Not available
636315,Not available
636316,Not available
636317,Not available
636318,Not available
636319,Not available
636320,Not available
636321,Not available
636322,Not available
636323,Not available
636324,Not available
636325,Not available
636326,Not available
636327,Not available
636328,Not available
636329,Not available
636330,Not available
636331,Not available
636332,Not available
636333,Not available
636334,Not available
636335,Not available
636336,Not available
636337,Not available
636338,Not available
636339,Not available
636340,Not available
636341,Not available
636342,Not available
636343,Not available
636344,Not available
636345,Not available
636346,Not available
636347,Not available
636348,Not available
636349,Not available
636350,Not available
636351,OMALUR
636352,DHARMAPURI
636353,Not available
636354,OMALUR
636355,Not available
636356,Not available
636357,Not available
636358,Not available
636359,Not available
636360,Not available
636361,Not available
636362,Not available
636363,Not available
636364,Not available
636365,Not available
636366,Not available
636367,Not available
636368,Not available
636369,Not available
636370,Not available
636371,Not available
636372,Not available
636373,Not available
636374,Not available
636375,Not available
636376,Not available
636377,Not available
636378,Not available
636379,Not available
636380,Not available
636381,Not available
636382,Not available
636383,Not available
636384,Not available
636385,Not available
636386,Not available
636387,Not available
636388,Not available
636389,Not available
636390,Not available
636391,Not available
636392,Not available
636393,Not available
636394,Not available
636395,Not available
636396,Not available
636397,Not available
636398,Not available
636399,Not available
636400,Not available
636401,METTUR
636402,METTUR
636403,METTUR
636404,METTUR
636405,Not available
636406,METTUR
636407,Not available
636408,Not available
636409,Not available
636410,Not available
636411,Not available
636412,Not available
636413,Not available
636414,Not available
636415,Not available
636416,Not available
636417,Not available
636418,Not available
636419,Not available
636420,Not available
636421,Not available
636422,Not available
636423,Not available
636424,Not available
636425,Not available
636426,Not available
636427,Not available
636428,Not available
636429,Not available
636430,Not available
636431,Not available
636432,Not available
636433,Not available
636434,Not available
636435,Not available
636436,Not available
636437,Not available
636438,Not available
636439,Not available
636440,Not available
636441,Not available
636442,Not available
636443,Not available
636444,Not available
636445,Not available
636446,Not available
636447,Not available
636448,Not available
636449,Not available
636450,Not available
636451,METTUR
636452,METTUR
636453,METTUR
636454,METTUR
636455,OMALUR
636456,METTUR
636457,METTUR
636458,METTUR
636459,Not available
636460,Not available
636461,Not available
636462,Not available
636463,Not available
636464,Not available
636465,Not available
636466,Not available
636467,Not available
636468,Not available
636469,Not available
636470,Not available
636471,Not available
636472,Not available
636473,Not available
636474,Not available
636475,Not available
636476,Not available
636477,Not available
636478,Not available
636479,Not available
636480,Not available
636481,Not available
636482,Not available
636483,Not available
636484,Not available
636485,Not available
636486,Not available
636487,Not available
636488,Not available
636489,Not available
636490,Not available
636491,Not available
636492,Not available
636493,Not available
636494,Not available
636495,Not available
636496,Not available
636497,Not available
636498,Not available
636499,Not available
636500,Not available
636501,METTUR
636502,OMALUR
636503,OMALUR
636504,Not available
636505,Not available
636506,Not available
636507,Not available
636508,Not available
636509,Not available
636510,Not available
636511,Not available
636512,Not available
636513,Not available
636514,Not available
636515,Not available
636516,Not available
636517,Not available
636518,Not available
636519,Not available
636520,Not available
636521,Not available
636522,Not available
636523,Not available
636524,Not available
636525,Not available
636526,Not available
636527,Not available
636528,Not available
636529,Not available
636530,Not available
636531,Not available
636532,Not available
636533,Not available
636534,Not available
636535,Not available
636536,Not available
636537,Not available
636538,Not available
636539,Not available
636540,Not available
636541,Not available
636542,Not available
636543,Not available
636544,Not available
636545,Not available
636546,Not available
636547,Not available
636548,Not available
636549,Not available
636550,Not available
636551,Not available
636552,Not available
636553,Not available
636554,Not available
636555,Not available
636556,Not available
636557,Not available
636558,Not available
636559,Not available
636560,Not available
636561,Not available
636562,Not available
636563,Not available
636564,Not available
636565,Not available
636566,Not available
636567,Not available
636568,Not available
636569,Not available
636570,Not available
636571,Not available
636572,Not available
636573,Not available
636574,Not available
636575,Not available
636576,Not available
636577,Not available
636578,Not available
636579,Not available
636580,Not available
636581,Not available
636582,Not available
636583,Not available
636584,Not available
636585,Not available
636586,Not available
636587,Not available
636588,Not available
636589,Not available
636590,Not available
636591,Not available
636592,Not available
636593,Not available
636594,Not available
636595,Not available
636596,Not available
636597,Not available
636598,Not available
636599,Not available
636600,Not available
636601,YERCAUD
636602,YERCAUD
636603,Not available
636604,Not available
636605,Not available
636606,Not available
636607,Not available
636608,Not available
636609,Not available
636610,Not available
636611,Not available
636612,Not available
636613,Not available
636614,Not available
636615,Not available
636616,Not available
636617,Not available
636618,Not available
636619,Not available
636620,Not available
636621,Not available
636622,Not available
636623,Not available
636624,Not available
636625,Not available
636626,Not available
636627,Not available
636628,Not available
636629,Not available
636630,Not available
636631,Not available
636632,Not available
636633,Not available
636634,Not available
636635,Not available
636636,Not available
636637,Not available
636638,Not available
636639,Not available
636640,Not available
636641,Not available
636642,Not available
636643,Not available
636644,Not available
636645,Not available
636646,Not available
636647,Not available
636648,Not available
636649,Not available
636650,Not available
636651,Not available
636652,Not available
636653,Not available
636654,Not available
636655,Not available
636656,Not available
636657,Not available
636658,Not available
636659,Not available
636660,Not available
636661,Not available
636662,Not available
636663,Not available
636664,Not available
636665,Not available
636666,Not available
636667,Not available
636668,Not available
636669,Not available
636670,Not available
636671,Not available
636672,Not available
636673,Not available
636674,Not available
636675,Not available
636676,Not available
636677,Not available
636678,Not available
636679,Not available
636680,Not available
636681,Not available
636682,Not available
636683,Not available
636684,Not available
636685,Not available
636686,Not available
636687,Not available
636688,Not available
636689,Not available
636690,Not available
636691,Not available
636692,Not available
636693,Not available
636694,Not available
636695,Not available
636696,Not available
636697,Not available
636698,Not available
636699,Not available
636700,Not available
636701,DHARMAPURI
636702,Not available
636703,Not available
636704,DHARMAPURI
636705,DHARMAPURI
636706,Not available
636707,Not available
636708,Not available
636709,Not available
636710,Not available
636711,Not available
636712,Not available
636713,Not available
636714,Not available
636715,Not available
636716,Not available
636717,Not available
636718,Not available
636719,Not available
636720,Not available
636721,Not available
636722,Not available
636723,Not available
636724,Not available
636725,Not available
636726,Not available
636727,Not available
636728,Not available
636729,Not available
636730,Not available
636731,Not available
636732,Not available
636733,Not available
636734,Not available
636735,Not available
636736,Not available
636737,Not available
636738,Not available
636739,Not available
636740,Not available
636741,Not available
636742,Not available
636743,Not available
636744,Not available
636745,Not available
636746,Not available
636747,Not available
636748,Not available
636749,Not available
636750,Not available
636751,Not available
636752,Not available
636753,Not available
636754,Not available
636755,Not available
636756,Not available
636757,Not available
636758,Not available
636759,Not available
636760,Not available
636761,Not available
636762,Not available
636763,Not available
636764,Not available
636765,Not available
636766,Not available
636767,Not available
636768,Not available
636769,Not available
636770,Not available
636771,Not available
636772,Not available
636773,Not available
636774,Not available
636775,Not available
636776,Not available
636777,Not available
636778,Not available
636779,Not available
636780,Not available
636781,Not available
636782,Not available
636783,Not available
636784,Not available
636785,Not available
636786,Not available
636787,Not available
636788,Not available
636789,Not available
636790,Not available
636791,Not available
636792,Not available
636793,Not available
636794,Not available
636795,Not available
636796,Not available
636797,Not available
636798,Not available
636799,Not available
636800,Not available
636801,Not available
636802,Not available
636803,PENNAGARAM
636804,DHARMAPURI
636805,PENNAGARAM
636806,PALAKKODU
636807,DHARMAPURI
636808,PALACODE
636809,PENNAGARAM
636810,PENNAGARAM
636811,PENNAGARAM
636812,PALACODE
636813,PENNAGARAM
636814,Not available
636815,Not available
636816,Not available
636817,Not available
636818,Not available
636819,Not available
636820,Not available
636821,Not available
636822,Not available
636823,Not available
636824,Not available
636825,Not available
636826,Not available
636827,Not available
636828,Not available
636829,Not available
636830,Not available
636831,Not available
636832,Not available
636833,Not available
636834,Not available
636835,Not available
636836,Not available
636837,Not available
636838,Not available
636839,Not available
636840,Not available
636841,Not available
636842,Not available
636843,Not available
636844,Not available
636845,Not available
636846,Not available
636847,Not available
636848,Not available
636849,Not available
636850,Not available
636851,Not available
636852,Not available
636853,Not available
636854,Not available
636855,Not available
636856,Not available
636857,Not available
636858,Not available
636859,Not available
636860,Not available
636861,Not available
636862,Not available
636863,Not available
636864,Not available
636865,Not available
636866,Not available
636867,Not available
636868,Not available
636869,Not available
636870,Not available
636871,Not available
636872,Not available
636873,Not available
636874,Not available
636875,Not available
636876,Not available
636877,Not available
636878,Not available
636879,Not available
636880,Not available
636881,Not available
636882,Not available
636883,Not available
636884,Not available
636885,Not available
636886,Not available
636887,Not available
636888,Not available
636889,Not available
636890,Not available
636891,Not available
636892,Not available
636893,Not available
636894,Not available
636895,Not available
636896,Not available
636897,Not available
636898,Not available
636899,Not available
636900,Not available
636901,Not available
636902,HARUR
636903,HARUR
636904,PAPPIREDDIPATTI
636905,PAPPIREDDIPATTI
636906,ATUR
636907,Not available
636908,Not available
636909,Not available
636910,Not available
636911,Not available
636912,Not available
636913,Not available
636914,Not available
636915,Not available
636916,Not available
636917,Not available
636918,Not available
636919,Not available
636920,Not available
636921,Not available
636922,Not available
636923,Not available
636924,Not available
636925,Not available
636926,Not available
636927,Not available
636928,Not available
636929,Not available
636930,Not available
636931,Not available
636932,Not available
636933,Not available
636934,Not available
636935,Not available
636936,Not available
636937,Not available
636938,Not available
636939,Not available
636940,Not available
636941,Not available
636942,Not available
636943,Not available
636944,Not available
636945,Not available
636946,Not available
636947,Not available
636948,Not available
636949,Not available
636950,Not available
636951,Not available
636952,Not available
636953,Not available
636954,Not available
636955,Not available
636956,Not available
636957,Not available
636958,Not available
636959,Not available
636960,Not available
636961,Not available
636962,Not available
636963,Not available
636964,Not available
636965,Not available
636966,Not available
636967,Not available
636968,Not available
636969,Not available
636970,Not available
636971,Not available
636972,Not available
636973,Not available
636974,Not available
636975,Not available
636976,Not available
636977,Not available
636978,Not available
636979,Not available
636980,Not available
636981,Not available
636982,Not available
636983,Not available
636984,Not available
636985,Not available
636986,Not available
636987,Not available
636988,Not available
636989,Not available
636990,Not available
636991,Not available
636992,Not available
636993,Not available
636994,Not available
636995,Not available
636996,Not available
636997,Not available
636998,Not available
636999,Not available
635001,KRISHNAGIRI
635002,KRISHNAGIRI
635003,Not available
635004,Not available
635005,Not available
635006,Not available
635007,Not available
635008,Not available
635009,Not available
635010,Not available
635011,Not available
635012,Not available
635013,Not available
635014,Not available
635015,Not available
635016,Not available
635017,Not available
635018,Not available
635019,Not available
635020,Not available
635021,Not available
635022,Not available
635023,Not available
635024,Not available
635025,Not available
635026,Not available
635027,Not available
635028,Not available
635029,Not available
635030,Not available
635031,Not available
635032,Not available
635033,Not available
635034,Not available
635035,Not available
635036,Not available
635037,Not available
635038,Not available
635039,Not available
635040,Not available
635041,Not available
635042,Not available
635043,Not available
635044,Not available
635045,Not available
635046,Not available
635047,Not available
635048,Not available
635049,Not available
635050,Not available
635051,Not available
635052,Not available
635053,Not available
635054,Not available
635055,Not available
635056,Not available
635057,Not available
635058,Not available
635059,Not available
635060,Not available
635061,Not available
635062,Not available
635063,Not available
635064,Not available
635065,Not available
635066,Not available
635067,Not available
635068,Not available
635069,Not available
635070,Not available
635071,Not available
635072,Not available
635073,Not available
635074,Not available
635075,Not available
635076,Not available
635077,Not available
635078,Not available
635079,Not available
635080,Not available
635081,Not available
635082,Not available
635083,Not available
635084,Not available
635085,Not available
635086,Not available
635087,Not available
635088,Not available
635089,Not available
635090,Not available
635091,Not available
635092,Not available
635093,Not available
635094,Not available
635095,Not available
635096,Not available
635097,Not available
635098,Not available
635099,Not available
635100,Not available
635101,KRISHNAGIRI
635102,DENKANIKOTTA
635103,HOSUR
635104,KRISHNAGIRI
635105,Not Known
635106,KRISHNAGIRI
635107,DENKANIKOTTA
635108,KRISHNAGIRI
635109,HOSUR
635110,HOSUR
635111,PALAKKODU
635112,KRISHNAGIRI
635113,DENKANIKOTTA
635114,HOSUR
635115,KRISHNAGIRI
635116,DENKANIKOTTAI
635117,HOSUR
635118,DENKANIKOTTA
635119,HOSUR
635120,KRISHNAGIRI
635121,KRISHNAGIRI
635122,KRISHNAGIRI
635123,POCHAMPALLI
635124,HOSUR
635125,Not available
635126,HOSUR
635127,Not available
635128,Not available
635129,Not available
635130,Not available
635131,Not available
635132,Not available
635133,Not available
635134,Not available
635135,Not available
635136,Not available
635137,Not available
635138,Not available
635139,Not available
635140,Not available
635141,Not available
635142,Not available
635143,Not available
635144,Not available
635145,Not available
635146,Not available
635147,Not available
635148,Not available
635149,Not available
635150,Not available
635151,Not available
635152,Not available
635153,Not available
635154,Not available
635155,Not available
635156,Not available
635157,Not available
635158,Not available
635159,Not available
635160,Not available
635161,Not available
635162,Not available
635163,Not available
635164,Not available
635165,Not available
635166,Not available
635167,Not available
635168,Not available
635169,Not available
635170,Not available
635171,Not available
635172,Not available
635173,Not available
635174,Not available
635175,Not available
635176,Not available
635177,Not available
635178,Not available
635179,Not available
635180,Not available
635181,Not available
635182,Not available
635183,Not available
635184,Not available
635185,Not available
635186,Not available
635187,Not available
635188,Not available
635189,Not available
635190,Not available
635191,Not available
635192,Not available
635193,Not available
635194,Not available
635195,Not available
635196,Not available
635197,Not available
635198,Not available
635199,Not available
635200,Not available
635201,KRISHNAGIRI
635202,Not Known
635203,POCHAMPALLI
635204,POCHAMPALLI
635205,DHARMAPURI
635206,POCHAMPALLI
635207,UTTANGARAI
635208,Not available
635209,Not available
635210,Not available
635211,Not available
635212,Not available
635213,Not available
635214,Not available
635215,Not available
635216,Not available
635217,Not available
635218,Not available
635219,Not available
635220,Not available
635221,Not available
635222,Not available
635223,Not available
635224,Not available
635225,Not available
635226,Not available
635227,Not available
635228,Not available
635229,Not available
635230,Not available
635231,Not available
635232,Not available
635233,Not available
635234,Not available
635235,Not available
635236,Not available
635237,Not available
635238,Not available
635239,Not available
635240,Not available
635241,Not available
635242,Not available
635243,Not available
635244,Not available
635245,Not available
635246,Not available
635247,Not available
635248,Not available
635249,Not available
635250,Not available
635251,Not available
635252,Not available
635253,Not available
635254,Not available
635255,Not available
635256,Not available
635257,Not available
635258,Not available
635259,Not available
635260,Not available
635261,Not available
635262,Not available
635263,Not available
635264,Not available
635265,Not available
635266,Not available
635267,Not available
635268,Not available
635269,Not available
635270,Not available
635271,Not available
635272,Not available
635273,Not available
635274,Not available
635275,Not available
635276,Not available
635277,Not available
635278,Not available
635279,Not available
635280,Not available
635281,Not available
635282,Not available
635283,Not available
635284,Not available
635285,Not available
635286,Not available
635287,Not available
635288,Not available
635289,Not available
635290,Not available
635291,Not available
635292,Not available
635293,Not available
635294,Not available
635295,Not available
635296,Not available
635297,Not available
635298,Not available
635299,Not available
635300,Not available
635301,DHARMAPURI
635302,DHARMAPURI
635303,PAPPIREDDIPATTI
635304,UTTANGARAI
635305,HARUR
635306,UTTANGARAI
635307,UTTANGARAI
635308,Not available
635309,Not available
635310,Not available
635311,Not available
635312,Not available
635313,Not available
635314,Not available
635315,Not available
635316,Not available
635317,Not available
635318,Not available
635319,Not available
635320,Not available
635321,Not available
635322,Not available
635323,Not available
635324,Not available
635325,Not available
635326,Not available
635327,Not available
635328,Not available
635329,Not available
635330,Not available
635331,Not available
635332,Not available
635333,Not available
635334,Not available
635335,Not available
635336,Not available
635337,Not available
635338,Not available
635339,Not available
635340,Not available
635341,Not available
635342,Not available
635343,Not available
635344,Not available
635345,Not available
635346,Not available
635347,Not available
635348,Not available
635349,Not available
635350,Not available
635351,Not available
635352,Not available
635353,Not available
635354,Not available
635355,Not available
635356,Not available
635357,Not available
635358,Not available
635359,Not available
635360,Not available
635361,Not available
635362,Not available
635363,Not available
635364,Not available
635365,Not available
635366,Not available
635367,Not available
635368,Not available
635369,Not available
635370,Not available
635371,Not available
635372,Not available
635373,Not available
635374,Not available
635375,Not available
635376,Not available
635377,Not available
635378,Not available
635379,Not available
635380,Not available
635381,Not available
635382,Not available
635383,Not available
635384,Not available
635385,Not available
635386,Not available
635387,Not available
635388,Not available
635389,Not available
635390,Not available
635391,Not available
635392,Not available
635393,Not available
635394,Not available
635395,Not available
635396,Not available
635397,Not available
635398,Not available
635399,Not available
635400,Not available
635401,Not available
635402,Not available
635403,Not available
635404,Not available
635405,Not available
635406,Not available
635407,Not available
635408,Not available
635409,Not available
635410,Not available
635411,Not available
635412,Not available
635413,Not available
635414,Not available
635415,Not available
635416,Not available
635417,Not available
635418,Not available
635419,Not available
635420,Not available
635421,Not available
635422,Not available
635423,Not available
635424,Not available
635425,Not available
635426,Not available
635427,Not available
635428,Not available
635429,Not available
635430,Not available
635431,Not available
635432,Not available
635433,Not available
635434,Not available
635435,Not available
635436,Not available
635437,Not available
635438,Not available
635439,Not available
635440,Not available
635441,Not available
635442,Not available
635443,Not available
635444,Not available
635445,Not available
635446,Not available
635447,Not available
635448,Not available
635449,Not available
635450,Not available
635451,Not available
635452,Not available
635453,Not available
635454,Not available
635455,Not available
635456,Not available
635457,Not available
635458,Not available
635459,Not available
635460,Not available
635461,Not available
635462,Not available
635463,Not available
635464,Not available
635465,Not available
635466,Not available
635467,Not available
635468,Not available
635469,Not available
635470,Not available
635471,Not available
635472,Not available
635473,Not available
635474,Not available
635475,Not available
635476,Not available
635477,Not available
635478,Not available
635479,Not available
635480,Not available
635481,Not available
635482,Not available
635483,Not available
635484,Not available
635485,Not available
635486,Not available
635487,Not available
635488,Not available
635489,Not available
635490,Not available
635491,Not available
635492,Not available
635493,Not available
635494,Not available
635495,Not available
635496,Not available
635497,Not available
635498,Not available
635499,Not available
635500,Not available
635501,Not available
635502,Not available
635503,Not available
635504,Not available
635505,Not available
635506,Not available
635507,Not available
635508,Not available
635509,Not available
635510,Not available
635511,Not available
635512,Not available
635513,Not available
635514,Not available
635515,Not available
635516,Not available
635517,Not available
635518,Not available
635519,Not available
635520,Not available
635521,Not available
635522,Not available
635523,Not available
635524,Not available
635525,Not available
635526,Not available
635527,Not available
635528,Not available
635529,Not available
635530,Not available
635531,Not available
635532,Not available
635533,Not available
635534,Not available
635535,Not available
635536,Not available
635537,Not available
635538,Not available
635539,Not available
635540,Not available
635541,Not available
635542,Not available
635543,Not available
635544,Not available
635545,Not available
635546,Not available
635547,Not available
635548,Not available
635549,Not available
635550,Not available
635551,Not available
635552,Not available
635553,Not available
635554,Not available
635555,Not available
635556,Not available
635557,Not available
635558,Not available
635559,Not available
635560,Not available
635561,Not available
635562,Not available
635563,Not available
635564,Not available
635565,Not available
635566,Not available
635567,Not available
635568,Not available
635569,Not available
635570,Not available
635571,Not available
635572,Not available
635573,Not available
635574,Not available
635575,Not available
635576,Not available
635577,Not available
635578,Not available
635579,Not available
635580,Not available
635581,Not available
635582,Not available
635583,Not available
635584,Not available
635585,Not available
635586,Not available
635587,Not available
635588,Not available
635589,Not available
635590,Not available
635591,Not available
635592,Not available
635593,Not available
635594,Not available
635595,Not available
635596,Not available
635597,Not available
635598,Not available
635599,Not available
635600,Not available
635601,TIRUPATHUR
635602,TIRUPATHUR
635603,Not available
635604,Not available
635605,Not available
635606,Not available
635607,Not available
635608,Not available
635609,Not available
635610,Not available
635611,Not available
635612,Not available
635613,Not available
635614,Not available
635615,Not available
635616,Not available
635617,Not available
635618,Not available
635619,Not available
635620,Not available
635621,Not available
635622,Not available
635623,Not available
635624,Not available
635625,Not available
635626,Not available
635627,Not available
635628,Not available
635629,Not available
635630,Not available
635631,Not available
635632,Not available
635633,Not available
635634,Not available
635635,Not available
635636,Not available
635637,Not available
635638,Not available
635639,Not available
635640,Not available
635641,Not available
635642,Not available
635643,Not available
635644,Not available
635645,Not available
635646,Not available
635647,Not available
635648,Not available
635649,Not available
635650,Not available
635651,TIRUPATTUR
635652,TIRUPATHUR
635653,TIRUPATHUR
635654,TIRUPATTUR
635655,TIRUPATHUR
635656,Not available
635657,Not available
635658,Not available
635659,Not available
635660,Not available
635661,Not available
635662,Not available
635663,Not available
635664,Not available
635665,Not available
635666,Not available
635667,Not available
635668,Not available
635669,Not available
635670,Not available
635671,Not available
635672,Not available
635673,Not available
635674,Not available
635675,Not available
635676,Not available
635677,Not available
635678,Not available
635679,Not available
635680,Not available
635681,Not available
635682,Not available
635683,Not available
635684,Not available
635685,Not available
635686,Not available
635687,Not available
635688,Not available
635689,Not available
635690,Not available
635691,Not available
635692,Not available
635693,Not available
635694,Not available
635695,Not available
635696,Not available
635697,Not available
635698,Not available
635699,Not available
635700,Not available
635701,VANIYAMBADI
635702,TIRUPATTUR
635703,POLUR
635704,Not available
635705,Not available
635706,Not available
635707,Not available
635708,Not available
635709,Not available
635710,VANIYAMBADI
635711,Not available
635712,Not available
635713,Not available
635714,Not available
635715,Not available
635716,Not available
635717,Not available
635718,Not available
635719,Not available
635720,Not available
635721,Not available
635722,Not available
635723,Not available
635724,Not available
635725,Not available
635726,Not available
635727,Not available
635728,Not available
635729,Not available
635730,Not available
635731,Not available
635732,Not available
635733,Not available
635734,Not available
635735,Not available
635736,Not available
635737,Not available
635738,Not available
635739,Not available
635740,Not available
635741,Not available
635742,Not available
635743,Not available
635744,Not available
635745,Not available
635746,Not available
635747,Not available
635748,Not available
635749,Not available
635750,Not available
635751,VANIYAMBADI
635752,VANIYAMBADI
635753,Not available
635754,VANIYAMBADI
635755,Not available
635756,Not available
635757,Not available
635758,Not available
635759,Not available
635760,Not available
635761,Not available
635762,Not available
635763,Not available
635764,Not available
635765,Not available
635766,Not available
635767,Not available
635768,Not available
635769,Not available
635770,Not available
635771,Not available
635772,Not available
635773,Not available
635774,Not available
635775,Not available
635776,Not available
635777,Not available
635778,Not available
635779,Not available
635780,Not available
635781,Not available
635782,Not available
635783,Not available
635784,Not available
635785,Not available
635786,Not available
635787,Not available
635788,Not available
635789,Not available
635790,Not available
635791,Not available
635792,Not available
635793,Not available
635794,Not available
635795,Not available
635796,Not available
635797,Not available
635798,Not available
635799,Not available
635800,Not available
635801,TIRUPATTUR
635802,VANIYAMBADI
635803,GUDIYATHAM
635804,VANIYAMBADI
635805,GUDIYATTAM
635806,GUDIYATTAM
635807,VANIYAMBADI
635808,GUDIYATHAM
635809,KATPADI
635810,GUDIYATTAM
635811,VANIYAMBADI
635812,VANIYAMBADI
635813,GUDIYATTAM
635814,VANIYAMBADI
635815,TIRUPATTUR
635816,Not available
635817,Not available
635818,Not available
635819,Not available
635820,Not available
635821,Not available
635822,Not available
635823,Not available
635824,Not available
635825,Not available
635826,Not available
635827,Not available
635828,Not available
635829,Not available
635830,Not available
635831,Not available
635832,Not available
635833,Not available
635834,Not available
635835,Not available
635836,Not available
635837,Not available
635838,Not available
635839,Not available
635840,Not available
635841,Not available
635842,Not available
635843,Not available
635844,Not available
635845,Not available
635846,Not available
635847,Not available
635848,Not available
635849,Not available
635850,Not available
635851,TIRUPATHUR
635852,TIRUPATHUR
635853,TIRUPATTUR
635854,TIRUPATTUR
635855,Not available
635856,Not available
635857,Not available
635858,Not available
635859,Not available
635860,Not available
635861,Not available
635862,Not available
635863,Not available
635864,Not available
635865,Not available
635866,Not available
635867,Not available
635868,Not available
635869,Not available
635870,Not available
635871,Not available
635872,Not available
635873,Not available
635874,Not available
635875,Not available
635876,Not available
635877,Not available
635878,Not available
635879,Not available
635880,Not available
635881,Not available
635882,Not available
635883,Not available
635884,Not available
635885,Not available
635886,Not available
635887,Not available
635888,Not available
635889,Not available
635890,Not available
635891,Not available
635892,Not available
635893,Not available
635894,Not available
635895,Not available
635896,Not available
635897,Not available
635898,Not available
635899,Not available
635900,Not available
635901,TIRUPATTUR
635902,Not available
635903,Not available
635904,Not available
635905,Not available
635906,Not available
635907,Not available
635908,Not available
635909,Not available
635910,Not available
635911,Not available
635912,Not available
635913,Not available
635914,Not available
635915,Not available
635916,Not available
635917,Not available
635918,Not available
635919,Not available
635920,Not available
635921,Not available
635922,Not available
635923,Not available
635924,Not available
635925,Not available
635926,Not available
635927,Not available
635928,Not available
635929,Not available
635930,Not available
635931,Not available
635932,Not available
635933,Not available
635934,Not available
635935,Not available
635936,Not available
635937,Not available
635938,Not available
635939,Not available
635940,Not available
635941,Not available
635942,Not available
635943,Not available
635944,Not available
635945,Not available
635946,Not available
635947,Not available
635948,Not available
635949,Not available
635950,Not available
635951,Not available
635952,Not available
635953,Not available
635954,Not available
635955,Not available
635956,Not available
635957,Not available
635958,Not available
635959,Not available
635960,Not available
635961,Not available
635962,Not available
635963,Not available
635964,Not available
635965,Not available
635966,Not available
635967,Not available
635968,Not available
635969,Not available
635970,Not available
635971,Not available
635972,Not available
635973,Not available
635974,Not available
635975,Not available
635976,Not available
635977,Not available
635978,Not available
635979,Not available
635980,Not available
635981,Not available
635982,Not available
635983,Not available
635984,Not available
635985,Not available
635986,Not available
635987,Not available
635988,Not available
635989,Not available
635990,Not available
635991,Not available
635992,Not available
635993,Not available
635994,Not available
635995,Not available
635996,Not available
635997,Not available
635998,Not available
635999,Not available
637001,NAMAKKAL
637002,NAMAKKAL
637003,NAMAKKAL
637004,Not available
637005,Not available
637006,Not available
637007,Not available
637008,Not available
637009,Not available
637010,Not available
637011,Not available
637012,Not available
637013,NAMAKKAL
637014,NAMAKKAL
637015,NAMAKKAL
637016,Not available
637017,NAMAKKAL
637018,NAMAKKAL
637019,NAMAKKAL
637020,NAMAKKAL
637021,NAMAKKAL
637022,Not available
637023,Not available
637024,Not available
637025,Not available
637026,Not available
637027,Not available
637028,Not available
637029,Not available
637030,Not available
637031,Not available
637032,Not available
637033,Not available
637034,Not available
637035,Not available
637036,Not available
637037,Not available
637038,Not available
637039,Not available
637040,Not available
637041,Not available
637042,Not available
637043,Not available
637044,Not available
637045,Not available
637046,Not available
637047,Not available
637048,Not available
637049,Not available
637050,Not available
637051,Not available
637052,Not available
637053,Not available
637054,Not available
637055,Not available
637056,Not available
637057,Not available
637058,Not available
637059,Not available
637060,Not available
637061,Not available
637062,Not available
637063,Not available
637064,Not available
637065,Not available
637066,Not available
637067,Not available
637068,Not available
637069,Not available
637070,Not available
637071,Not available
637072,Not available
637073,Not available
637074,Not available
637075,Not available
637076,Not available
637077,Not available
637078,Not available
637079,Not available
637080,Not available
637081,Not available
637082,Not available
637083,Not available
637084,Not available
637085,Not available
637086,Not available
637087,Not available
637088,Not available
637089,Not available
637090,Not available
637091,Not available
637092,Not available
637093,Not available
637094,Not available
637095,Not available
637096,Not available
637097,Not available
637098,Not available
637099,Not available
637100,Not available
637101,TIRUCHENGODE
637102,IDAPPADI
637103,SANKARI
637104,SANKARI
637105,TIRUCHENGODE
637106,Not available
637107,TIRUCHENGODE
637108,Not available
637109,Not available
637110,Not available
637111,Not available
637112,Not available
637113,Not available
637114,Not available
637115,Not available
637116,Not available
637117,Not available
637118,Not available
637119,Not available
637120,Not available
637121,Not available
637122,Not available
637123,Not available
637124,Not available
637125,Not available
637126,Not available
637127,Not available
637128,Not available
637129,Not available
637130,Not available
637131,Not available
637132,Not available
637133,Not available
637134,Not available
637135,Not available
637136,Not available
637137,Not available
637138,Not available
637139,Not available
637140,Not available
637141,Not available
637142,Not available
637143,Not available
637144,Not available
637145,Not available
637146,Not available
637147,Not available
637148,Not available
637149,Not available
637150,Not available
637151,Not available
637152,Not available
637153,Not available
637154,Not available
637155,Not available
637156,Not available
637157,Not available
637158,Not available
637159,Not available
637160,Not available
637161,Not available
637162,Not available
637163,Not available
637164,Not available
637165,Not available
637166,Not available
637167,Not available
637168,Not available
637169,Not available
637170,Not available
637171,Not available
637172,Not available
637173,Not available
637174,Not available
637175,Not available
637176,Not available
637177,Not available
637178,Not available
637179,Not available
637180,Not available
637181,Not available
637182,Not available
637183,Not available
637184,Not available
637185,Not available
637186,Not available
637187,Not available
637188,Not available
637189,Not available
637190,Not available
637191,Not available
637192,Not available
637193,Not available
637194,Not available
637195,Not available
637196,Not available
637197,Not available
637198,Not available
637199,Not available
637200,Not available
637201,TIRUCHENGODU
637202,TIRUCHENGODU
637203,TIRUCHENGODE
637204,PARAMTHI VELUR
637205,TIRUCHENGODU
637206,PARAMATHI VELUR
637207,NAMAKKAL
637208,PARAMATHI-VELUR
637209,TIRUCHENGODU
637210,TIRUCHENGODU
637211,TIRUCHENGODU
637212,NAMAKKAL
637213,PARAMATHI-VELUR
637214,TIRUCHENGODU
637215,TIRUCHENGODE
637216,Not available
637217,Not available
637218,Not available
637219,Not available
637220,Not available
637221,Not available
637222,Not available
637223,Not available
637224,Not available
637225,Not available
637226,Not available
637227,Not available
637228,Not available
637229,Not available
637230,Not available
637231,Not available
637232,Not available
637233,Not available
637234,Not available
637235,Not available
637236,Not available
637237,Not available
637238,Not available
637239,Not available
637240,Not available
637241,Not available
637242,Not available
637243,Not available
637244,Not available
637245,Not available
637246,Not available
637247,Not available
637248,Not available
637249,Not available
637250,Not available
637251,Not available
637252,Not available
637253,Not available
637254,Not available
637255,Not available
637256,Not available
637257,Not available
637258,Not available
637259,Not available
637260,Not available
637261,Not available
637262,Not available
637263,Not available
637264,Not available
637265,Not available
637266,Not available
637267,Not available
637268,Not available
637269,Not available
637270,Not available
637271,Not available
637272,Not available
637273,Not available
637274,Not available
637275,Not available
637276,Not available
637277,Not available
637278,Not available
637279,Not available
637280,Not available
637281,Not available
637282,Not available
637283,Not available
637284,Not available
637285,Not available
637286,Not available
637287,Not available
637288,Not available
637289,Not available
637290,Not available
637291,Not available
637292,Not available
637293,Not available
637294,Not available
637295,Not available
637296,Not available
637297,Not available
637298,Not available
637299,Not available
637300,Not available
637301,TIRUCHENGODE
637302,SANKARI
637303,SANKARI
637304,TIRUCHENGODU
637305,Not available
637306,Not available
637307,Not available
637308,Not available
637309,Not available
637310,Not available
637311,Not available
637312,Not available
637313,Not available
637314,Not available
637315,Not available
637316,Not available
637317,Not available
637318,Not available
637319,Not available
637320,Not available
637321,Not available
637322,Not available
637323,Not available
637324,Not available
637325,Not available
637326,Not available
637327,Not available
637328,Not available
637329,Not available
637330,Not available
637331,Not available
637332,Not available
637333,Not available
637334,Not available
637335,Not available
637336,Not available
637337,Not available
637338,Not available
637339,Not available
637340,Not available
637341,Not available
637342,Not available
637343,Not available
637344,Not available
637345,Not available
637346,Not available
637347,Not available
637348,Not available
637349,Not available
637350,Not available
637351,Not available
637352,Not available
637353,Not available
637354,Not available
637355,Not available
637356,Not available
637357,Not available
637358,Not available
637359,Not available
637360,Not available
637361,Not available
637362,Not available
637363,Not available
637364,Not available
637365,Not available
637366,Not available
637367,Not available
637368,Not available
637369,Not available
637370,Not available
637371,Not available
637372,Not available
637373,Not available
637374,Not available
637375,Not available
637376,Not available
637377,Not available
637378,Not available
637379,Not available
637380,Not available
637381,Not available
637382,Not available
637383,Not available
637384,Not available
637385,Not available
637386,Not available
637387,Not available
637388,Not available
637389,Not available
637390,Not available
637391,Not available
637392,Not available
637393,Not available
637394,Not available
637395,Not available
637396,Not available
637397,Not available
637398,Not available
637399,Not available
637400,Not available
637401,RASIPURAM
637402,NAMAKKAL
637403,RASIPURAM
637404,NAMAKKAL
637405,NAMAKKAL
637406,RASIPURAM
637407,RASIPURAM
637408,RASIPURAM
637409,NAMAKKAL
637410,TIRUCHENGODE
637411,NAMAKKAL
637412,RASIPURAM
637413,Not available
637414,Not available
637415,Not available
637416,Not available
637417,Not available
637418,Not available
637419,Not available
637420,Not available
637421,Not available
637422,Not available
637423,Not available
637424,Not available
637425,Not available
637426,Not available
637427,Not available
637428,Not available
637429,Not available
637430,Not available
637431,Not available
637432,Not available
637433,Not available
637434,Not available
637435,Not available
637436,Not available
637437,Not available
637438,Not available
637439,Not available
637440,Not available
637441,Not available
637442,Not available
637443,Not available
637444,Not available
637445,Not available
637446,Not available
637447,Not available
637448,Not available
637449,Not available
637450,Not available
637451,Not available
637452,Not available
637453,Not available
637454,Not available
637455,Not available
637456,Not available
637457,Not available
637458,Not available
637459,Not available
637460,Not available
637461,Not available
637462,Not available
637463,Not available
637464,Not available
637465,Not available
637466,Not available
637467,Not available
637468,Not available
637469,Not available
637470,Not available
637471,Not available
637472,Not available
637473,Not available
637474,Not available
637475,Not available
637476,Not available
637477,Not available
637478,Not available
637479,Not available
637480,Not available
637481,Not available
637482,Not available
637483,Not available
637484,Not available
637485,Not available
637486,Not available
637487,Not available
637488,Not available
637489,Not available
637490,Not available
637491,Not available
637492,Not available
637493,Not available
637494,Not available
637495,Not available
637496,Not available
637497,Not available
637498,Not available
637499,Not available
637500,Not available
637501,SALEM
637502,SALEM
637503,RASIPURAM
637504,SALEM
637505,RASIPURAM
637506,Not available
637507,Not available
637508,Not available
637509,Not available
637510,Not available
637511,Not available
637512,Not available
637513,Not available
637514,Not available
637515,Not available
637516,Not available
637517,Not available
637518,Not available
637519,Not available
637520,Not available
637521,Not available
637522,Not available
637523,Not available
637524,Not available
637525,Not available
637526,Not available
637527,Not available
637528,Not available
637529,Not available
637530,Not available
637531,Not available
637532,Not available
637533,Not available
637534,Not available
637535,Not available
637536,Not available
637537,Not available
637538,Not available
637539,Not available
637540,Not available
637541,Not available
637542,Not available
637543,Not available
637544,Not available
637545,Not available
637546,Not available
637547,Not available
637548,Not available
637549,Not available
637550,Not available
637551,Not available
637552,Not available
637553,Not available
637554,Not available
637555,Not available
637556,Not available
637557,Not available
637558,Not available
637559,Not available
637560,Not available
637561,Not available
637562,Not available
637563,Not available
637564,Not available
637565,Not available
637566,Not available
637567,Not available
637568,Not available
637569,Not available
637570,Not available
637571,Not available
637572,Not available
637573,Not available
637574,Not available
637575,Not available
637576,Not available
637577,Not available
637578,Not available
637579,Not available
637580,Not available
637581,Not available
637582,Not available
637583,Not available
637584,Not available
637585,Not available
637586,Not available
637587,Not available
637588,Not available
637589,Not available
637590,Not available
637591,Not available
637592,Not available
637593,Not available
637594,Not available
637595,Not available
637596,Not available
637597,Not available
637598,Not available
637599,Not available
637600,Not available
637601,Not available
637602,Not available
637603,Not available
637604,Not available
637605,Not available
637606,Not available
637607,Not available
637608,Not available
637609,Not available
637610,Not available
637611,Not available
637612,Not available
637613,Not available
637614,Not available
637615,Not available
637616,Not available
637617,Not available
637618,Not available
637619,Not available
637620,Not available
637621,Not available
637622,Not available
637623,Not available
637624,Not available
637625,Not available
637626,Not available
637627,Not available
637628,Not available
637629,Not available
637630,Not available
637631,Not available
637632,Not available
637633,Not available
637634,Not available
637635,Not available
637636,Not available
637637,Not available
637638,Not available
637639,Not available
637640,Not available
637641,Not available
637642,Not available
637643,Not available
637644,Not available
637645,Not available
637646,Not available
637647,Not available
637648,Not available
637649,Not available
637650,Not available
637651,Not available
637652,Not available
637653,Not available
637654,Not available
637655,Not available
637656,Not available
637657,Not available
637658,Not available
637659,Not available
637660,Not available
637661,Not available
637662,Not available
637663,Not available
637664,Not available
637665,Not available
637666,Not available
637667,Not available
637668,Not available
637669,Not available
637670,Not available
637671,Not available
637672,Not available
637673,Not available
637674,Not available
637675,Not available
637676,Not available
637677,Not available
637678,Not available
637679,Not available
637680,Not available
637681,Not available
637682,Not available
637683,Not available
637684,Not available
637685,Not available
637686,Not available
637687,Not available
637688,Not available
637689,Not available
637690,Not available
637691,Not available
637692,Not available
637693,Not available
637694,Not available
637695,Not available
637696,Not available
637697,Not available
637698,Not available
637699,Not available
637700,Not available
637701,Not available
637702,Not available
637703,Not available
637704,Not available
637705,Not available
637706,Not available
637707,Not available
637708,Not available
637709,Not available
637710,Not available
637711,Not available
637712,Not available
637713,Not available
637714,Not available
637715,Not available
637716,Not available
637717,Not available
637718,Not available
637719,Not available
637720,Not available
637721,Not available
637722,Not available
637723,Not available
637724,Not available
637725,Not available
637726,Not available
637727,Not available
637728,Not available
637729,Not available
637730,Not available
637731,Not available
637732,Not available
637733,Not available
637734,Not available
637735,Not available
637736,Not available
637737,Not available
637738,Not available
637739,Not available
637740,Not available
637741,Not available
637742,Not available
637743,Not available
637744,Not available
637745,Not available
637746,Not available
637747,Not available
637748,Not available
637749,Not available
637750,Not available
637751,Not available
637752,Not available
637753,Not available
637754,Not available
637755,Not available
637756,Not available
637757,Not available
637758,Not available
637759,Not available
637760,Not available
637761,Not available
637762,Not available
637763,Not available
637764,Not available
637765,Not available
637766,Not available
637767,Not available
637768,Not available
637769,Not available
637770,Not available
637771,Not available
637772,Not available
637773,Not available
637774,Not available
637775,Not available
637776,Not available
637777,Not available
637778,Not available
637779,Not available
637780,Not available
637781,Not available
637782,Not available
637783,Not available
637784,Not available
637785,Not available
637786,Not available
637787,Not available
637788,Not available
637789,Not available
637790,Not available
637791,Not available
637792,Not available
637793,Not available
637794,Not available
637795,Not available
637796,Not available
637797,Not available
637798,Not available
637799,Not available
637800,Not available
637801,Not available
637802,Not available
637803,Not available
637804,Not available
637805,Not available
637806,Not available
637807,Not available
637808,Not available
637809,Not available
637810,Not available
637811,Not available
637812,Not available
637813,Not available
637814,Not available
637815,Not available
637816,Not available
637817,Not available
637818,Not available
637819,Not available
637820,Not available
637821,Not available
637822,Not available
637823,Not available
637824,Not available
637825,Not available
637826,Not available
637827,Not available
637828,Not available
637829,Not available
637830,Not available
637831,Not available
637832,Not available
637833,Not available
637834,Not available
637835,Not available
637836,Not available
637837,Not available
637838,Not available
637839,Not available
637840,Not available
637841,Not available
637842,Not available
637843,Not available
637844,Not available
637845,Not available
637846,Not available
637847,Not available
637848,Not available
637849,Not available
637850,Not available
637851,Not available
637852,Not available
637853,Not available
637854,Not available
637855,Not available
637856,Not available
637857,Not available
637858,Not available
637859,Not available
637860,Not available
637861,Not available
637862,Not available
637863,Not available
637864,Not available
637865,Not available
637866,Not available
637867,Not available
637868,Not available
637869,Not available
637870,Not available
637871,Not available
637872,Not available
637873,Not available
637874,Not available
637875,Not available
637876,Not available
637877,Not available
637878,Not available
637879,Not available
637880,Not available
637881,Not available
637882,Not available
637883,Not available
637884,Not available
637885,Not available
637886,Not available
637887,Not available
637888,Not available
637889,Not available
637890,Not available
637891,Not available
637892,Not available
637893,Not available
637894,Not available
637895,Not available
637896,Not available
637897,Not available
637898,Not available
637899,Not available
637900,Not available
637901,Not available
637902,Not available
637903,Not available
637904,Not available
637905,Not available
637906,Not available
637907,Not available
637908,Not available
637909,Not available
637910,Not available
637911,Not available
637912,Not available
637913,Not available
637914,Not available
637915,Not available
637916,Not available
637917,Not available
637918,Not available
637919,Not available
637920,Not available
637921,Not available
637922,Not available
637923,Not available
637924,Not available
637925,Not available
637926,Not available
637927,Not available
637928,Not available
637929,Not available
637930,Not available
637931,Not available
637932,Not available
637933,Not available
637934,Not available
637935,Not available
637936,Not available
637937,Not available
637938,Not available
637939,Not available
637940,Not available
637941,Not available
637942,Not available
637943,Not available
637944,Not available
637945,Not available
637946,Not available
637947,Not available
637948,Not available
637949,Not available
637950,Not available
637951,Not available
637952,Not available
637953,Not available
637954,Not available
637955,Not available
637956,Not available
637957,Not available
637958,Not available
637959,Not available
637960,Not available
637961,Not available
637962,Not available
637963,Not available
637964,Not available
637965,Not available
637966,Not available
637967,Not available
637968,Not available
637969,Not available
637970,Not available
637971,Not available
637972,Not available
637973,Not available
637974,Not available
637975,Not available
637976,Not available
637977,Not available
637978,Not available
637979,Not available
637980,Not available
637981,Not available
637982,Not available
637983,Not available
637984,Not available
637985,Not available
637986,Not available
637987,Not available
637988,Not available
637989,Not available
637990,Not available
637991,Not available
637992,Not available
637993,Not available
637994,Not available
637995,Not available
637996,Not available
637997,Not available
637998,Not available
637999,Not available
